x,Others Corporate,Public Association,Aesthetic
2017-1Q,0,0,0
2017-2Q,1,0,0
2017-3Q,0.911764706,1,0.928571429
2017-4Q,0.533333333,0,0.333333333
2018-1Q,0.25,0,0.5
2018-2Q,0.3,0,0.333333333
2018-3Q,0.5,0,0
2018-4Q,0.5,0,1
2019-1Q,0,0,0
2019-2Q,0,0.5,0.666666667
2019-3Q,0,0,0.333333333
2019-4Q,0,0.5,0.230769231
2020-1Q,0.25,0,0.173913043
2020-2Q,0,0,0.5
2020-3Q,0,0,0
2020-4Q,0.5,0,0.416666667
2021-1Q,0.538461538,0.5,0.75
2021-2Q,0.75,0,0
2021-3Q,0.333333333,0,0
