x,Military,Individual,Others_etc
2017-1Q,0,0.625,0
2017-2Q,0,0.142857143,0
2017-3Q,0,0.5,0
2017-4Q,0.333333333,0.5,0
2018-1Q,0.5,0.666666667,0.8
2018-2Q,0.666666667,0.444444444,0
2018-3Q,0,0.5,0.5
2018-4Q,0,0,0.25
2019-1Q,0,0,0.2
2019-2Q,0,0,0
2019-3Q,0.333333333,0,0
2019-4Q,0,0,0
2020-1Q,0,0.555555556,0
2020-2Q,0,0.230769231,0
2020-3Q,0,0.333333333,0
2020-4Q,0,0.5,0.928571429
2021-1Q,0.5,0.294117647,0
2021-2Q,0,0.115384615,0
2021-3Q,0,0.272727273,0
