x,Military,Individual,Others_etc
2017-1Q,0,0,0
2017-2Q,0,0,0
2017-3Q,0,50,0
2017-4Q,11.11111111,50,0
2018-1Q,0,0,0
2018-2Q,0,11.11111111,0
2018-3Q,0,0,0
2018-4Q,0,0,0
2019-1Q,0,0,0
2019-2Q,0,0,0
2019-3Q,0,0,0
2019-4Q,0,0,0
2020-1Q,0,11.11111111,0
2020-2Q,0,23.07692308,0
2020-3Q,0,16.66666667,0
2020-4Q,0,33.33333333,92.85714286
2021-1Q,0,29.41176471,0
2021-2Q,0,0,0
2021-3Q,0,27.27272727,0
