x,Military,Others_Individual,Others_etc
2017-1,0.0,0.0,0.0
2017-2,0.0,0.0,0.0
2017-3,0.0,1.0,0.0
2017-4,0.3333333333333333,1.0,0.0
2018-1,0.0,0.0,0.0
2018-2,0.0,0.25,0.5
2018-3,0.0,0.0,0.0
2018-4,1.0,0.0,0.0
2019-1,0.0,0.0,0.0
2019-2,0.0,0.0,0.0
2019-3,0.0,0.0,0.0
2019-4,0.0,0.0,0.0
2020-1,0.0,0.2,0.6666666666666666
2020-2,0.0,1.0,1.0
2020-3,0.0,0.5,0.0
2020-4,0.0,0.6666666666666666,1.0
2021-1,0.0,1.0,0.0
2021-2,0.0,0.0,0.0
2021-3,0.0,1.0,0.0
